Top queries,Clicks,Impressions,CTR,Position
dua before undressing,1,3,33.33%,11
wafīka bārakallāh,0,4,0%,6.5
dua for sex,0,4,0%,51.75
sex er dua,0,2,0%,11.5
dua for undressing,0,2,0%,12
tashahhud,0,2,0%,59
dua for leaving masjid,0,2,0%,89
dua for before eating,0,2,0%,95.5
الْبَاعِثُ,0,1,0%,9
dua for clear skies,0,1,0%,10
hisnul muslim 250,0,1,0%,10
من كان اخر كلامه لااله الاالله english,0,1,0%,10
ad-darr,0,1,0%,11
al-matin benefits,0,1,0%,13
dua when dog barks at night,0,1,0%,13
ash-shams,0,1,0%,39
al bayyinah,0,1,0%,44
talbiya collection,0,1,0%,55
سبحان الذي يسبح الرعد بحمده والملائكة من خيفته,0,1,0%,58
talbiyah umrah dua,0,1,0%,62
يرحمك الله,0,1,0%,63
prayer before sex in islam,0,1,0%,71
dua before intercourse,0,1,0%,72
يرحمكم الله,0,1,0%,72
dua after waking up,0,1,0%,75
dua after intercourse,0,1,0%,76
اللَّهُمَّ,0,1,0%,78
before meal dua,0,1,0%,83
dua for new clothes,0,1,0%,84
dua when wearing new clothes,0,1,0%,90
leaving mosque dua,0,1,0%,91
dua after rain,0,1,0%,92
dua before eating,0,1,0%,92
dua for leaving mosque,0,1,0%,95
washington dc salat times,0,1,0%,99